url,label,text
dingyuxt.com,2,波多野结衣在线视频丰满大胸年轻继坶荷兰肥妇少妇洗澡
f978pay.net,10,没有找到站点宋体没有找到站点您的请求在服务器中没有找到对应的站点可能原因您没有将此域名或绑定到对应站点配置文件未生效如何解决检查是否已经绑定到对应站点若确认已绑定请尝试重载服务检查端口是否正确若您使用
lp.bd.com,10,产品介绍关于碧迪医疗联系我们职业发展中国中国日本医疗能力肿瘤诊断软组织穿刺活检针骨髓穿刺活检针生物科学制药系统药物管理解决方案整合诊断解决方案诊断系统样本管理静脉采血针真空采血管科研管产品专业外科药物
sj29.mktossl.com,6,日本語
www.fswycj.com,6,青瓦仿古青瓦古建青瓦范氏瓦业有限公司范氏瓦业有限公司咨询热线网站首页关于我们关于我们联系我们荣誉资质视频展示产品中心青瓦系列古建青砖系列砖雕系列红陶瓦五脊六兽欧式连锁瓦青瓦烧制供应信息新闻动态新闻动态
www.dlidlid.com,4,嘀哩文学网书友喜欢的免费小说阅读文学网用户注册繁体版手机版收藏本站嘀哩文学网首页临时书架玄幻奇幻武侠仙侠都市生活历史军事游戏竞技言情文学科幻灵异其他类型全本新书点击收藏夜的命名术会说话的肘子蓝与紫的霓
www.ieemoo.com,4,亿猫科技智能购物车超市营销数字化基础设施欢迎访问亿猫信息技术有限公司官网
www.mqxsyxx.com,6,民权县实验小学欢迎访问民权县实验小学官方网站联系我们网站首页学校概况校长风采领导班子校园文化校园资讯喜报频传通知公告校务公开办事指南文件规章政风行风教育教学读书心得师生风采范贤教师范贤学子德育之窗智趣
yhzcs888.com,11,用户登录函数请补齐错误提示信息清空错误提示请填写用户名请填写登录密码请填写正确的登录密码请填写正确验证码添加黑盒信息可以是等等这个请求的选项配置信息请参考说到的验证码错误验证码错误登录失败网络异常获取
ywyuezihuisuo.com,10,义乌月子中心义乌催乳师义乌产后修复亲子悦有限公司商盟客服您好欢迎莅临亲子悦母婴会所欢迎咨询雪总触屏版二维码您好欢迎访问上海亲子悦健康管理咨询有限公司供应信息手机版在线留言繁體中文公司热线网站首页公司介
830585.com,2,欧洲多毛裸体女被男啪到哭免费视频视频欧美人与拘牲交大全人禾色狠狠色狠狠综合天天
91boduo.com,2,女人张开腿让男桶爽免费精品无码中文视频在线观看国模冰莲自慰肥美胞极品人体图久久精品国产女不卡
bhgjeg42572.njzrxx.xyz,10,正在载入中请稍等正在载入中请稍等加载中
cnhyjc.com,6,该域名已被注册如有兴趣请前往
denazl.sjfzxm.com,6,德纳展览有限公司德纳展览有限公司加入收藏失败请使用进行添加设为首页加入收藏德纳展览有限公司首页关于我们产品展示新闻中心供求商机招商加盟在线留言联系我们公司公告产品类别文章产品供求关键字公司地址浙江温州
dda.mmta8.top,10,域名已过期无法正常使用
jomblo.top,10,域名已过期无法正常使用
jnxszc.com,2,国产高清在线播放一个人看的片高清免费又黄又乱的口述小说乱之伦久久久久久一区国产精品男人放进女人阳道入口强行处破女文日本少妇被高潮动态图以下勿进色禁网站永久视频迷人美女丰满的继坶在线观看欧美三级韩国三级
ky.xiangfeng56.cn,10,空运机场货运航空货运公司空运当天达热线电话首页关于我们空运项目空运案例空运新闻空运知识联系我们空运项目专业承接水果空运生鲜空运小件空运大件空运等国内航空快运业务航空快运生鲜生鲜食品对自然条件及温度很敏
knstcj.top,6,域名已过期无法正常使用
lishao.hntqjd.com.cn,2,网站建设中生成从到的随机数
mrj.hntqjd.com.cn,2,网站建设中生成从到的随机数
owdjx.top,11,官方首页活动详情下载在线客服版权所有申请进度查询点击查询单号时间金额进度备注点击查看查无资料确定
p.amxny.com,10,没有找到站点宋体没有找到站点您的请求在服务器中没有找到对应的站点可能原因您没有将此域名或绑定到对应站点配置文件未生效如何解决检查是否已经绑定到对应站点若确认已绑定请尝试重载服务检查端口是否正确若您使用
pkio.net,10,域名已过期无法正常使用
shunz.top,10,域名已过期无法正常使用
spgx03.xxshd.top,10,您的访问请求可能对网站造成安全威胁请求已被阻断微软雅黑您的请求可能存在威胁已被拦截如存在错误拦截请联系网站管理员并提供拦截时间
tygkj.top,11,域名已过期无法正常使用
www.089.cn,10,无法访问温馨提示该网站暂时无法访问有可能是以下原因原因一根据工信部相关法规您尚未进行备案原因二您的网站可能存在不适宜传播的信息请联系网站管理员本页面为默认页面如网站存在以上问题请及时进行处理感谢您的配
www.2tma.com,2,无码男男作爱片在线观看黄色电影网站黄色激情小说亚洲国产成人精品综合
www.ccc332.com,6,域名已过期无法正常使用
www.bzkhj.top,10,域名已过期无法正常使用
www.guodongme.top,10,域名已过期无法正常使用
www.rxyfrp.cn,10,刚刚网络科技首页选择语言简体中文小时客服热线网站首页关于我们行业动态联系方式关于我们五莲刚刚网络科技是专业的网站设计及网站建设服务商我们是一个高品质的技术团队凝聚了一批年轻且有活力的后成员我们拥有丰富
yiyuzheng.net.cn,2,前列腺高国产剧情果冻传媒人人爽久久爱夜夜躁一区边吃早餐边
www.jaqamlxx.com,6,章丘诱山汽车用品有限公司岁老熟妇乱子伦牲交国产精品国产片在线观看欧美三级真做在线观看国产麻豆剧传媒精品国产無錫美靈日用化工機械廠銷售灌裝封尾機軟管封尾機廠家價格批發網站首頁公司簡介聯系我們以真誠優價優
www.muyangren88.com,2,久久亚洲精品中文字幕无国产分类精品视频精品曰批视频免费分钟国产呦精品一区二区三区电影一区无码系列动漫精品中文字幕自慰系列女优系列强奸乱轮国内精品巨乳系列电影二区欧美精品制服师生口交系列虐待另类娇妻素人
url,4,text
www.playgo365.com,2,久久无色码中文字幕人妻人人添人澡人人爽超碰久久九九国产精品怡红院亚洲人成网站观看在线播放
youjiayj.com,10,域名已过期无法正常使用
zhaoyansong.com,2,豸啦啦啦图片欧美牲交人妖专干中国老太婆欧美人妻一区二区三区
www.zzjdmsk.com,2,十八禁羞羞视频爽爽爽出租屋嫖妓大龄熟妇露脸在线播放丰满大胸年轻继坶翁公和媛媛在厨房里猛烈进出
www1515jj.com,10,域名已过期无法正常使用
830585.com,2,欧洲多毛裸体女被男啪到哭免费视频视频欧美人与拘牲交大全人禾色狠狠色狠狠综合天天
91boduo.com,2,女人张开腿让男桶爽免费精品无码中文视频在线观看国模冰莲自慰肥美胞极品人体图久久精品国产女不卡
bhgjeg42572.njzrxx.xyz,10,正在载入中请稍等正在载入中请稍等加载中
cnhyjc.com,6,该域名已被注册如有兴趣请前往
denazl.sjfzxm.com,6,德纳展览有限公司德纳展览有限公司加入收藏失败请使用进行添加设为首页加入收藏德纳展览有限公司首页关于我们产品展示新闻中心供求商机招商加盟在线留言联系我们公司公告产品类别文章产品供求关键字公司地址浙江温州
dda.mmta8.top,10,域名已过期无法正常使用
jomblo.top,10,域名已过期无法正常使用
jnxszc.com,2,国产高清在线播放一个人看的片高清免费又黄又乱的口述小说乱之伦久久久久久一区国产精品男人放进女人阳道入口强行处破女文日本少妇被高潮动态图以下勿进色禁网站永久视频迷人美女丰满的继坶在线观看欧美三级韩国三级
ky.xiangfeng56.cn,10,空运机场货运航空货运公司空运当天达热线电话首页关于我们空运项目空运案例空运新闻空运知识联系我们空运项目专业承接水果空运生鲜空运小件空运大件空运等国内航空快运业务航空快运生鲜生鲜食品对自然条件及温度很敏
knstcj.top,10,域名已过期无法正常使用
lishao.hntqjd.com.cn,2,网站建设中生成从到的随机数
mrj.hntqjd.com.cn,2,网站建设中生成从到的随机数
owdjx.top,11,官方首页活动详情下载在线客服版权所有申请进度查询点击查询单号时间金额进度备注点击查看查无资料确定
p.amxny.com,10,没有找到站点宋体没有找到站点您的请求在服务器中没有找到对应的站点可能原因您没有将此域名或绑定到对应站点配置文件未生效如何解决检查是否已经绑定到对应站点若确认已绑定请尝试重载服务检查端口是否正确若您使用
pkio.net,10,域名已过期无法正常使用
shunz.top,10,域名已过期无法正常使用
spgx03.xxshd.top,10,您的访问请求可能对网站造成安全威胁请求已被阻断微软雅黑您的请求可能存在威胁已被拦截如存在错误拦截请联系网站管理员并提供拦截时间
tygkj.top,10,域名已过期无法正常使用
www.089.cn,10,无法访问温馨提示该网站暂时无法访问有可能是以下原因原因一根据工信部相关法规您尚未进行备案原因二您的网站可能存在不适宜传播的信息请联系网站管理员本页面为默认页面如网站存在以上问题请及时进行处理感谢您的配
www.2tma.com,2,无码男男作爱片在线观看黄色电影网站黄色激情小说亚洲国产成人精品综合
www.ccc332.com,10,域名已过期无法正常使用
www.bzkhj.top,10,域名已过期无法正常使用
www.guodongme.top,10,域名已过期无法正常使用
www.rxyfrp.cn,10,刚刚网络科技首页选择语言简体中文小时客服热线网站首页关于我们行业动态联系方式关于我们五莲刚刚网络科技是专业的网站设计及网站建设服务商我们是一个高品质的技术团队凝聚了一批年轻且有活力的后成员我们拥有丰富
yiyuzheng.net.cn,2,前列腺高国产剧情果冻传媒人人爽久久爱夜夜躁一区边吃早餐边
www.jaqamlxx.com,6,章丘诱山汽车用品有限公司岁老熟妇乱子伦牲交国产精品国产片在线观看欧美三级真做在线观看国产麻豆剧传媒精品国产無錫美靈日用化工機械廠銷售灌裝封尾機軟管封尾機廠家價格批發網站首頁公司簡介聯系我們以真誠優價優
www.muyangren88.com,2,久久亚洲精品中文字幕无国产分类精品视频精品曰批视频免费分钟国产呦精品一区二区三区电影一区无码系列动漫精品中文字幕自慰系列女优系列强奸乱轮国内精品巨乳系列电影二区欧美精品制服师生口交系列虐待另类娇妻素人
url,4,text
www.playgo365.com,2,久久无色码中文字幕人妻人人添人澡人人爽超碰久久九九国产精品怡红院亚洲人成网站观看在线播放
youjiayj.com,6,域名已过期无法正常使用
zhaoyansong.com,2,豸啦啦啦图片欧美牲交人妖专干中国老太婆欧美人妻一区二区三区
www.zzjdmsk.com,2,十八禁羞羞视频爽爽爽出租屋嫖妓大龄熟妇露脸在线播放丰满大胸年轻继坶翁公和媛媛在厨房里猛烈进出
www1515jj.com,10,域名已过期无法正常使用
830585.com,2,欧洲多毛裸体女被男啪到哭免费视频视频欧美人与拘牲交大全人禾色狠狠色狠狠综合天天
91boduo.com,2,女人张开腿让男桶爽免费精品无码中文视频在线观看国模冰莲自慰肥美胞极品人体图久久精品国产女不卡
bhgjeg42572.njzrxx.xyz,10,正在载入中请稍等正在载入中请稍等加载中
cnhyjc.com,6,该域名已被注册如有兴趣请前往
denazl.sjfzxm.com,6,德纳展览有限公司德纳展览有限公司加入收藏失败请使用进行添加设为首页加入收藏德纳展览有限公司首页关于我们产品展示新闻中心供求商机招商加盟在线留言联系我们公司公告产品类别文章产品供求关键字公司地址浙江温州
dda.mmta8.top,10,域名已过期无法正常使用
jomblo.top,6,域名已过期无法正常使用
jnxszc.com,2,国产高清在线播放一个人看的片高清免费又黄又乱的口述小说乱之伦久久久久久一区国产精品男人放进女人阳道入口强行处破女文日本少妇被高潮动态图以下勿进色禁网站永久视频迷人美女丰满的继坶在线观看欧美三级韩国三级
ky.xiangfeng56.cn,10,空运机场货运航空货运公司空运当天达热线电话首页关于我们空运项目空运案例空运新闻空运知识联系我们空运项目专业承接水果空运生鲜空运小件空运大件空运等国内航空快运业务航空快运生鲜生鲜食品对自然条件及温度很敏
knstcj.top,10,域名已过期无法正常使用
lishao.hntqjd.com.cn,2,网站建设中生成从到的随机数
mrj.hntqjd.com.cn,2,网站建设中生成从到的随机数
owdjx.top,11,官方首页活动详情下载在线客服版权所有申请进度查询点击查询单号时间金额进度备注点击查看查无资料确定
p.amxny.com,10,没有找到站点宋体没有找到站点您的请求在服务器中没有找到对应的站点可能原因您没有将此域名或绑定到对应站点配置文件未生效如何解决检查是否已经绑定到对应站点若确认已绑定请尝试重载服务检查端口是否正确若您使用
pkio.net,10,域名已过期无法正常使用
shunz.top,10,域名已过期无法正常使用
spgx03.xxshd.top,10,您的访问请求可能对网站造成安全威胁请求已被阻断微软雅黑您的请求可能存在威胁已被拦截如存在错误拦截请联系网站管理员并提供拦截时间
tygkj.top,10,域名已过期无法正常使用
www.089.cn,10,无法访问温馨提示该网站暂时无法访问有可能是以下原因原因一根据工信部相关法规您尚未进行备案原因二您的网站可能存在不适宜传播的信息请联系网站管理员本页面为默认页面如网站存在以上问题请及时进行处理感谢您的配
www.2tma.com,2,无码男男作爱片在线观看黄色电影网站黄色激情小说亚洲国产成人精品综合
www.ccc332.com,6,域名已过期无法正常使用
www.bzkhj.top,10,域名已过期无法正常使用
www.guodongme.top,11,域名已过期无法正常使用
www.rxyfrp.cn,10,刚刚网络科技首页选择语言简体中文小时客服热线网站首页关于我们行业动态联系方式关于我们五莲刚刚网络科技是专业的网站设计及网站建设服务商我们是一个高品质的技术团队凝聚了一批年轻且有活力的后成员我们拥有丰富
yiyuzheng.net.cn,2,前列腺高国产剧情果冻传媒人人爽久久爱夜夜躁一区边吃早餐边
www.jaqamlxx.com,6,章丘诱山汽车用品有限公司岁老熟妇乱子伦牲交国产精品国产片在线观看欧美三级真做在线观看国产麻豆剧传媒精品国产無錫美靈日用化工機械廠銷售灌裝封尾機軟管封尾機廠家價格批發網站首頁公司簡介聯系我們以真誠優價優
www.muyangren88.com,2,久久亚洲精品中文字幕无国产分类精品视频精品曰批视频免费分钟国产呦精品一区二区三区电影一区无码系列动漫精品中文字幕自慰系列女优系列强奸乱轮国内精品巨乳系列电影二区欧美精品制服师生口交系列虐待另类娇妻素人
url,4,text
www.playgo365.com,2,久久无色码中文字幕人妻人人添人澡人人爽超碰久久九九国产精品怡红院亚洲人成网站观看在线播放
youjiayj.com,10,域名已过期无法正常使用
zhaoyansong.com,2,豸啦啦啦图片欧美牲交人妖专干中国老太婆欧美人妻一区二区三区
www.zzjdmsk.com,2,十八禁羞羞视频爽爽爽出租屋嫖妓大龄熟妇露脸在线播放丰满大胸年轻继坶翁公和媛媛在厨房里猛烈进出
www1515jj.com,6,域名已过期无法正常使用
830585.com,2,欧洲多毛裸体女被男啪到哭免费视频视频欧美人与拘牲交大全人禾色狠狠色狠狠综合天天
91boduo.com,2,女人张开腿让男桶爽免费精品无码中文视频在线观看国模冰莲自慰肥美胞极品人体图久久精品国产女不卡
bhgjeg42572.njzrxx.xyz,10,正在载入中请稍等正在载入中请稍等加载中
cnhyjc.com,6,该域名已被注册如有兴趣请前往
denazl.sjfzxm.com,6,德纳展览有限公司德纳展览有限公司加入收藏失败请使用进行添加设为首页加入收藏德纳展览有限公司首页关于我们产品展示新闻中心供求商机招商加盟在线留言联系我们公司公告产品类别文章产品供求关键字公司地址浙江温州
dda.mmta8.top,10,域名已过期无法正常使用
jomblo.top,10,域名已过期无法正常使用
jnxszc.com,2,国产高清在线播放一个人看的片高清免费又黄又乱的口述小说乱之伦久久久久久一区国产精品男人放进女人阳道入口强行处破女文日本少妇被高潮动态图以下勿进色禁网站永久视频迷人美女丰满的继坶在线观看欧美三级韩国三级
ky.xiangfeng56.cn,10,空运机场货运航空货运公司空运当天达热线电话首页关于我们空运项目空运案例空运新闻空运知识联系我们空运项目专业承接水果空运生鲜空运小件空运大件空运等国内航空快运业务航空快运生鲜生鲜食品对自然条件及温度很敏
knstcj.top,10,域名已过期无法正常使用
lishao.hntqjd.com.cn,2,网站建设中生成从到的随机数
mrj.hntqjd.com.cn,2,网站建设中生成从到的随机数
owdjx.top,11,官方首页活动详情下载在线客服版权所有申请进度查询点击查询单号时间金额进度备注点击查看查无资料确定
p.amxny.com,10,没有找到站点宋体没有找到站点您的请求在服务器中没有找到对应的站点可能原因您没有将此域名或绑定到对应站点配置文件未生效如何解决检查是否已经绑定到对应站点若确认已绑定请尝试重载服务检查端口是否正确若您使用
pkio.net,10,域名已过期无法正常使用
shunz.top,10,域名已过期无法正常使用
spgx03.xxshd.top,10,您的访问请求可能对网站造成安全威胁请求已被阻断微软雅黑您的请求可能存在威胁已被拦截如存在错误拦截请联系网站管理员并提供拦截时间
tygkj.top,10,域名已过期无法正常使用
www.089.cn,10,无法访问温馨提示该网站暂时无法访问有可能是以下原因原因一根据工信部相关法规您尚未进行备案原因二您的网站可能存在不适宜传播的信息请联系网站管理员本页面为默认页面如网站存在以上问题请及时进行处理感谢您的配
www.2tma.com,2,无码男男作爱片在线观看黄色电影网站黄色激情小说亚洲国产成人精品综合
www.ccc332.com,10,域名已过期无法正常使用
www.bzkhj.top,10,域名已过期无法正常使用
www.guodongme.top,10,域名已过期无法正常使用
www.rxyfrp.cn,10,刚刚网络科技首页选择语言简体中文小时客服热线网站首页关于我们行业动态联系方式关于我们五莲刚刚网络科技是专业的网站设计及网站建设服务商我们是一个高品质的技术团队凝聚了一批年轻且有活力的后成员我们拥有丰富
yiyuzheng.net.cn,2,前列腺高国产剧情果冻传媒人人爽久久爱夜夜躁一区边吃早餐边
www.jaqamlxx.com,6,章丘诱山汽车用品有限公司岁老熟妇乱子伦牲交国产精品国产片在线观看欧美三级真做在线观看国产麻豆剧传媒精品国产無錫美靈日用化工機械廠銷售灌裝封尾機軟管封尾機廠家價格批發網站首頁公司簡介聯系我們以真誠優價優
www.muyangren88.com,2,久久亚洲精品中文字幕无国产分类精品视频精品曰批视频免费分钟国产呦精品一区二区三区电影一区无码系列动漫精品中文字幕自慰系列女优系列强奸乱轮国内精品巨乳系列电影二区欧美精品制服师生口交系列虐待另类娇妻素人
url,4,text
www.playgo365.com,2,久久无色码中文字幕人妻人人添人澡人人爽超碰久久九九国产精品怡红院亚洲人成网站观看在线播放
youjiayj.com,6,域名已过期无法正常使用
zhaoyansong.com,2,豸啦啦啦图片欧美牲交人妖专干中国老太婆欧美人妻一区二区三区
www.zzjdmsk.com,2,十八禁羞羞视频爽爽爽出租屋嫖妓大龄熟妇露脸在线播放丰满大胸年轻继坶翁公和媛媛在厨房里猛烈进出
www1515jj.com,6,域名已过期无法正常使用
830585.com,2,欧洲多毛裸体女被男啪到哭免费视频视频欧美人与拘牲交大全人禾色狠狠色狠狠综合天天
91boduo.com,2,女人张开腿让男桶爽免费精品无码中文视频在线观看国模冰莲自慰肥美胞极品人体图久久精品国产女不卡
bhgjeg42572.njzrxx.xyz,10,正在载入中请稍等正在载入中请稍等加载中
cnhyjc.com,6,该域名已被注册如有兴趣请前往
denazl.sjfzxm.com,6,德纳展览有限公司德纳展览有限公司加入收藏失败请使用进行添加设为首页加入收藏德纳展览有限公司首页关于我们产品展示新闻中心供求商机招商加盟在线留言联系我们公司公告产品类别文章产品供求关键字公司地址浙江温州
dda.mmta8.top,10,域名已过期无法正常使用
jomblo.top,6,域名已过期无法正常使用
jnxszc.com,2,国产高清在线播放一个人看的片高清免费又黄又乱的口述小说乱之伦久久久久久一区国产精品男人放进女人阳道入口强行处破女文日本少妇被高潮动态图以下勿进色禁网站永久视频迷人美女丰满的继坶在线观看欧美三级韩国三级
ky.xiangfeng56.cn,10,空运机场货运航空货运公司空运当天达热线电话首页关于我们空运项目空运案例空运新闻空运知识联系我们空运项目专业承接水果空运生鲜空运小件空运大件空运等国内航空快运业务航空快运生鲜生鲜食品对自然条件及温度很敏
knstcj.top,10,域名已过期无法正常使用
lishao.hntqjd.com.cn,2,网站建设中生成从到的随机数
mrj.hntqjd.com.cn,2,网站建设中生成从到的随机数
owdjx.top,11,官方首页活动详情下载在线客服版权所有申请进度查询点击查询单号时间金额进度备注点击查看查无资料确定
p.amxny.com,10,没有找到站点宋体没有找到站点您的请求在服务器中没有找到对应的站点可能原因您没有将此域名或绑定到对应站点配置文件未生效如何解决检查是否已经绑定到对应站点若确认已绑定请尝试重载服务检查端口是否正确若您使用
pkio.net,10,域名已过期无法正常使用
shunz.top,6,域名已过期无法正常使用
spgx03.xxshd.top,10,您的访问请求可能对网站造成安全威胁请求已被阻断微软雅黑您的请求可能存在威胁已被拦截如存在错误拦截请联系网站管理员并提供拦截时间
tygkj.top,6,域名已过期无法正常使用
www.089.cn,10,无法访问温馨提示该网站暂时无法访问有可能是以下原因原因一根据工信部相关法规您尚未进行备案原因二您的网站可能存在不适宜传播的信息请联系网站管理员本页面为默认页面如网站存在以上问题请及时进行处理感谢您的配
www.2tma.com,2,无码男男作爱片在线观看黄色电影网站黄色激情小说亚洲国产成人精品综合
www.ccc332.com,6,域名已过期无法正常使用
www.bzkhj.top,6,域名已过期无法正常使用
www.guodongme.top,10,域名已过期无法正常使用
www.rxyfrp.cn,10,刚刚网络科技首页选择语言简体中文小时客服热线网站首页关于我们行业动态联系方式关于我们五莲刚刚网络科技是专业的网站设计及网站建设服务商我们是一个高品质的技术团队凝聚了一批年轻且有活力的后成员我们拥有丰富
yiyuzheng.net.cn,2,前列腺高国产剧情果冻传媒人人爽久久爱夜夜躁一区边吃早餐边
www.jaqamlxx.com,6,章丘诱山汽车用品有限公司岁老熟妇乱子伦牲交国产精品国产片在线观看欧美三级真做在线观看国产麻豆剧传媒精品国产無錫美靈日用化工機械廠銷售灌裝封尾機軟管封尾機廠家價格批發網站首頁公司簡介聯系我們以真誠優價優
www.muyangren88.com,2,久久亚洲精品中文字幕无国产分类精品视频精品曰批视频免费分钟国产呦精品一区二区三区电影一区无码系列动漫精品中文字幕自慰系列女优系列强奸乱轮国内精品巨乳系列电影二区欧美精品制服师生口交系列虐待另类娇妻素人
url,4,text
www.playgo365.com,2,久久无色码中文字幕人妻人人添人澡人人爽超碰久久九九国产精品怡红院亚洲人成网站观看在线播放
youjiayj.com,10,域名已过期无法正常使用
zhaoyansong.com,2,豸啦啦啦图片欧美牲交人妖专干中国老太婆欧美人妻一区二区三区
www.zzjdmsk.com,2,十八禁羞羞视频爽爽爽出租屋嫖妓大龄熟妇露脸在线播放丰满大胸年轻继坶翁公和媛媛在厨房里猛烈进出
www1515jj.com,10,域名已过期无法正常使用
